list_id,list_name,item_name,brand,price_usd,category,url
tokyo-kids-gear,Little Jetter — Tokyo Kids Gear,Tokyo Shoes,Unbranded,80.0,shoe,https://on.ltk.com/+8Uqi57CXFQxJNWYdj4VRlg
tokyo-kids-gear,Little Jetter — Tokyo Kids Gear,Pokemon Kids' Hardside Carry On Scooter Suitcase,Pokemon,109.99,luggage,https://on.ltk.com/+Dap1OIgBy5duTUdCScRsNQ
tokyo-kids-gear,Little Jetter — Tokyo Kids Gear,"Pokemon Pikachu Ride-On Kids 15"" Suitcase",Pokemon,109.99,luggage,https://on.ltk.com/+9iIL7fsZsfpvLXEIPzpRZA
tokyo-kids-gear,Little Jetter — Tokyo Kids Gear,Portable Busy Travel Toys for Girls,Unbranded,46.9,toy,https://on.ltk.com/+DuGvrpFCcXe_V9Hn7WsEcA
tokyo-kids-gear,Little Jetter — Tokyo Kids Gear,Girls adidas Tokyo Shoe (Size 05.0),adidas,80.0,shoe,https://on.ltk.com/+F8V0WlB7e1FLTP-JsOKKpQ
tokyo-kids-gear,Little Jetter — Tokyo Kids Gear,Cherry Blossom Okinawa Summer Vacation T-Shirt,Unbranded,18.95,top,https://on.ltk.com/+cbolhf0vhRHTfDnuxurE3w
tokyo-kids-gear,Little Jetter — Tokyo Kids Gear,Let's Explore Japan Book,Baby Professor,14.99,book,https://on.ltk.com/+pfUbVue3XWHVskuK7lwNeQ
tokyo-kids-gear,Little Jetter — Tokyo Kids Gear,Japan Sakura Travel Cherry Blossom T-Shirt,Unbranded,21.99,top,https://on.ltk.com/+0qhFbVtWYn7OXA1kMP6YTQ
tokyo-kids-gear,Little Jetter — Tokyo Kids Gear,Get Trend Sanrio Kuromi Girls Rolling Luggage,Get Trend / Sanrio,37.99,luggage,https://on.ltk.com/+hSgzLkpaIC_ipdUJDEdCfw
tokyo-kids-gear,Little Jetter — Tokyo Kids Gear,Yoto Mini Audio Player (2024 Edition),Yoto,79.99,toy,https://on.ltk.com/+wyAjqzlLUteng5GAebCFsQ
tokyo-kids-gear,Little Jetter — Tokyo Kids Gear,Girls adidas Tokyo Shoe (Size 04.0),adidas,80.0,shoe,https://on.ltk.com/+FWgnKBZ8FPM164PV4H3pug
tokyo-kids-gear,Little Jetter — Tokyo Kids Gear,"UTOLOVE Kids Travel Tray (Pink, 2-pack)",UTOLOVE,19.99,toy,https://on.ltk.com/+wAvI2w0WirbvUbbDFe4OSg
nike-apparel-shoes,Little Jetter 3 — Nike Apparel & Shoes,"Kids' Nike Sportswear Flowers Oversized Shirt (XS, White)",Nike,25.0,top,https://on.ltk.com/+mErtZ8mLDj39AEuh99GUWQ
nike-apparel-shoes,Little Jetter 3 — Nike Apparel & Shoes,"Kids' Nike Sportswear Boy Airbrush T-Shirt (S, Black)",Nike,30.0,top,https://on.ltk.com/+7dvRxvmnYvk9JhFa_JySJg
nike-apparel-shoes,Little Jetter 3 — Nike Apparel & Shoes,"Kids' Nike Sportswear T-Shirt (S, Arctic Orange)",Nike,25.0,top,https://on.ltk.com/+24w9tvzDhrSBRpb3dBs6Fw
nike-apparel-shoes,Little Jetter 3 — Nike Apparel & Shoes,"Kids' Nike Sportswear Boy Airbrush T-Shirt (XL, Black)",Nike,30.0,top,https://on.ltk.com/+Thmc0ToAhwGQyFsy3ROJaQ
nike-apparel-shoes,Little Jetter 3 — Nike Apparel & Shoes,Nike Kids Pegasus 42 Shoes,Nike,112.0,shoe,https://on.ltk.com/+4CXmy0E-AnoMRs9vqlSMqg
nike-apparel-shoes,Little Jetter 3 — Nike Apparel & Shoes,"Kids' Nike Sportswear Flowers Oversized Shirt (S, White)",Nike,25.0,top,https://on.ltk.com/+F0njOmuHvovOK4FK3Yzy4A
nike-apparel-shoes,Little Jetter 3 — Nike Apparel & Shoes,Little Kids' Nike Sportswear Club Fleece Hoodie,Nike,44.0,outerwear,https://on.ltk.com/+qBlbaQE4hL76RRaD0zRYTA
nike-apparel-shoes,Little Jetter 3 — Nike Apparel & Shoes,Kids' 4Rm Shoes (Black/Sail/Coconut Milk/Gym Red),4Rm,163.0,shoe,https://on.ltk.com/+mpuEWNwDrJL1eTuy-c_Ksg
nike-apparel-shoes,Little Jetter 3 — Nike Apparel & Shoes,Nike Practice Big Kids' Football Jersey (White),Nike,27.0,top,https://on.ltk.com/+PjrT5oJ0mrwms1bcskSI3w
nike-apparel-shoes,Little Jetter 3 — Nike Apparel & Shoes,Nike Kids Stellar Ride Shoes,Nike,62.0,shoe,https://on.ltk.com/+OdUA6_pafey3T3FmW45Mhg
nike-apparel-shoes,Little Jetter 3 — Nike Apparel & Shoes,Nike Kids Free Ride Shoes (Black/Anthracite),Nike,67.0,shoe,https://on.ltk.com/+Yc123cIL8Zus2CQmX2leUA
nike-apparel-shoes,Little Jetter 3 — Nike Apparel & Shoes,"Nike Kids Club T-Shirt (Toddler/Little Kid, White)",Nike,19.97,top,https://on.ltk.com/+fVBGD5ZpHSmBhO2QYgYI5g
nike-apparel-shoes,Little Jetter 3 — Nike Apparel & Shoes,Nike Have a Day T-Shirt (White/Black),Nike,28.0,top,https://on.ltk.com/+sH_w1AcbQqH_tSCu1JGHmA
nike-apparel-shoes,Little Jetter 3 — Nike Apparel & Shoes,Nike Kids Court Legacy Shoes (Big Kid),Nike,57.0,shoe,https://on.ltk.com/+Sh84cSSCfqEa0KY9iBmgWA
nike-apparel-shoes,Little Jetter 3 — Nike Apparel & Shoes,Nike Kids Flex Runner 4 SE Shoes,Nike,45.0,shoe,https://on.ltk.com/+QjSWwKC6mxAmynui538toA
nike-apparel-shoes,Little Jetter 3 — Nike Apparel & Shoes,Nike Kids Sportswear Campfire T-Shirt (White),Nike,30.0,top,https://on.ltk.com/+BSasOBCgtcjHS1FgnQEcZA
nike-apparel-shoes,Little Jetter 3 — Nike Apparel & Shoes,Nike Court Legacy Little Kids' Shoes (White),Nike,32.97,shoe,https://on.ltk.com/+yACCIhaOmY3kx3WmNICfqA
nike-apparel-shoes,Little Jetter 3 — Nike Apparel & Shoes,"Kids' Nike Sportswear T-Shirt (XS, Arctic Orange)",Nike,25.0,top,https://on.ltk.com/+4whR-C8PADdkqqoV-V4Bog
nike-apparel-shoes,Little Jetter 3 — Nike Apparel & Shoes,Nike Kids Winflo 12 Shoes,Nike,82.0,shoe,https://on.ltk.com/+kTKScEV63yt9XKmEEe1dgw
nike-apparel-shoes,Little Jetter 3 — Nike Apparel & Shoes,Nike Kids Sportswear Dri-FIT Basketball Jersey,Nike,35.0,top,https://on.ltk.com/+fKKaqXvfYnZmyQ1MbcFzYA
nike-apparel-shoes,Little Jetter 3 — Nike Apparel & Shoes,"Nike Kids Sportswear T-Shirt (Girl's, Black)",Nike,25.0,top,https://on.ltk.com/+I2m84arrUbZE7FSxuRW5ng
nike-apparel-shoes,Little Jetter 3 — Nike Apparel & Shoes,"Nike Kids Sportswear T-Shirt (Big Kid, White)",Nike,20.0,top,https://on.ltk.com/+4DapQtloo1hrpxXo1aPrGA
nike-apparel-shoes,Little Jetter 3 — Nike Apparel & Shoes,Nike Force 1 Little Kids Shoes (Pink),Nike,75.0,shoe,https://on.ltk.com/+PHZPUuJBzX0Ynn8Zkeh1CA
nike-apparel-shoes,Little Jetter 3 — Nike Apparel & Shoes,Nike IsoFly Little Kids' Shoes (Black),Nike,40.97,shoe,https://on.ltk.com/+L-AR1X2oNSuCxrOtcAN9xg
nike-apparel-shoes,Little Jetter 3 — Nike Apparel & Shoes,"Kids' Nike Sportswear Boy Airbrush T-Shirt (XS, Black)",Nike,30.0,top,https://on.ltk.com/+caB0LNl7EGw-U7eZfgz9bw
mango-kids-apparel,Little Jetter 2 — Mango Kids Apparel,"Studded pocket shorts (white, 13-14y)",Mango Kids,35.99,bottom,https://on.ltk.com/+wMwXs4XsIhXa1nJfv5G0_Q
mango-kids-apparel,Little Jetter 2 — Mango Kids Apparel,"Printed short jumpsuit (off white, 13-14y)",Mango Kids,49.99,dress,https://on.ltk.com/+T6T4g2A2C2pmxGj_m8oGgg
mango-kids-apparel,Little Jetter 2 — Mango Kids Apparel,"Cotton skort (off white, 13-14y)",Mango Kids,29.99,bottom,https://on.ltk.com/+hBnC6xe1TPaHwJjAZfJDwg
mango-kids-apparel,Little Jetter 2 — Mango Kids Apparel,"Blouse with gathered bows (yellow, 9y)",Mango Kids,35.99,top,https://on.ltk.com/+F4eZN-XdgQHwrItIaftATA
mango-kids-apparel,Little Jetter 2 — Mango Kids Apparel,"Double baby-collar shirt (white, 13-14y)",Mango Kids,29.99,top,https://on.ltk.com/+84KibbkyX9UW9igoHRZLHQ
mango-kids-apparel,Little Jetter 2 — Mango Kids Apparel,"Ruffled cotton skirt (off white, 7-8y)",Mango Kids,29.99,bottom,https://on.ltk.com/+HyADj9W_dAY4_eZdj7OUQA
mango-kids-apparel,Little Jetter 2 — Mango Kids Apparel,"Gathered details cotton shirt (white, 13-14y)",Mango Kids,29.99,top,https://on.ltk.com/+272rCS2jpuAbAyc5JP9qTg
mango-kids-apparel,Little Jetter 2 — Mango Kids Apparel,"Embroidered openwork shorts (off white, 13-14y)",Mango Kids,39.99,bottom,https://on.ltk.com/+aov9jWDTfbhkjti7okqB0w
mango-kids-apparel,Little Jetter 2 — Mango Kids Apparel,"Straight seamless jeans (dark blue, 13-14y)",Mango Kids,45.99,bottom,https://on.ltk.com/+SBR1kyu2oJgn1TiLNyrerw
mango-kids-apparel,Little Jetter 2 — Mango Kids Apparel,"Ruffled printed t-shirt (blue, 9-10y)",Mango Kids,39.99,top,https://on.ltk.com/+-xVDU-nUawbDNDMGd1VD4A
mango-kids-apparel,Little Jetter 2 — Mango Kids Apparel,"Cropped blouse with embroidered details (white, 13-14y)",Mango Kids,39.99,top,https://on.ltk.com/+_BPWxDFp7qO8rBBLtPF97Q
mango-kids-apparel,Little Jetter 2 — Mango Kids Apparel,"Denim shorts with turned-up hem (white, 13-14y)",Mango Kids,29.99,bottom,https://on.ltk.com/+haCAIvgsfGkcIxUt5xao_A
mango-kids-apparel,Little Jetter 2 — Mango Kids Apparel,"Floral print top (aqua green, 13-14y)",Mango Kids,35.99,top,https://on.ltk.com/+AbEgCuj63hIUarnBDiBh1A
mango-kids-apparel,Little Jetter 2 — Mango Kids Apparel,"Denim skirt with stars (light blue, 13-14y)",Mango Kids,35.99,bottom,https://on.ltk.com/+rl1gcBZqcvlVW0aEBIizIA
mango-kids-apparel,Little Jetter 2 — Mango Kids Apparel,"100% cotton shirt with combined stripes (blue, 13-14y)",Mango Kids,29.99,top,https://on.ltk.com/+V8ixb03CpuBbVE8XDBKdVA
mango-kids-apparel,Little Jetter 2 — Mango Kids Apparel,"Ribbed halter top (neon yellow, 13-14y)",Mango Kids,29.99,top,https://on.ltk.com/+SWKYPO2KEI_mppREFjqqCA
mango-kids-apparel,Little Jetter 2 — Mango Kids Apparel,"Striped cotton polo shirt with print (indigo blue, 13-14y)",Mango Kids,35.99,top,https://on.ltk.com/+chHuKJGc-IPj90w14IU-QA
mango-kids-apparel,Little Jetter 2 — Mango Kids Apparel,"Denim skirt with bow (ecru, 13-14y)",Mango Kids,29.99,bottom,https://on.ltk.com/+oaFIJiTbVQ_qac2jzLiB9g
mango-kids-apparel,Little Jetter 2 — Mango Kids Apparel,"Striped denim shorts (ecru, 13-14y)",Mango Kids,35.99,bottom,https://on.ltk.com/+xMJvLnbY75f4UhneIE7WqA
mango-kids-apparel,Little Jetter 2 — Mango Kids Apparel,"Plain cotton shorts (white, 13-14y)",Mango Kids,29.99,bottom,https://on.ltk.com/+iOe86PoBeArS2LUpQmSukw
mango-kids-apparel,Little Jetter 2 — Mango Kids Apparel,"Ruffled short skirt (coral red, 13-14y)",Mango Kids,29.99,bottom,https://on.ltk.com/+anzN_4Bv06A3F6h_3VMPkA
mango-kids-apparel,Little Jetter 2 — Mango Kids Apparel,"Ruffled lurex skirt (black, 13-14y)",Mango Kids,45.99,bottom,https://on.ltk.com/+EaKjiRxBARlu_5NeMvDn9Q
mango-kids-apparel,Little Jetter 2 — Mango Kids Apparel,"Fine-knit cardigan (pale pink, 9-10y)",Mango Kids,39.99,outerwear,https://on.ltk.com/+mtPq5CPfB6Jo1ZmwauGmsQ
mango-kids-apparel,Little Jetter 2 — Mango Kids Apparel,"Star-print crossbody bag (grey, one size)",Mango Kids,39.99,accessory,https://on.ltk.com/+f-wc3jhYzphWBCqniIouJw
mango-kids-apparel,Little Jetter 2 — Mango Kids Apparel,"Rubberised jacket with hood (light grey, 13-14y)",Mango Kids,49.99,outerwear,https://on.ltk.com/+OLA08BK9hWcfLq85-rW-Hw
mango-kids-apparel,Little Jetter 2 — Mango Kids Apparel,"Ruched floral skirt (maroon, 9-10y)",Mango Kids,35.99,bottom,https://on.ltk.com/+LYcx0ZPZXvIOzdmcwWXoAQ
mango-kids-apparel,Little Jetter 2 — Mango Kids Apparel,"Printed short skirt (mustard, 9-10y)",Mango Kids,35.99,bottom,https://on.ltk.com/+L_2t_kx7lFAeKlbf89B45w
mango-kids-apparel,Little Jetter 2 — Mango Kids Apparel,"Striped knit pants (navy, 9-10y)",Mango Kids,45.99,bottom,https://on.ltk.com/+FWuh7dO134E1x84xSA3U_g
mango-kids-apparel,Little Jetter 2 — Mango Kids Apparel,"Slim-fit jeans (white, 13-14y)",Mango Kids,29.99,bottom,https://on.ltk.com/+tsatzPaxwYxorUWDig6esw
mango-kids-apparel,Little Jetter 2 — Mango Kids Apparel,"Frayed hem shorts (white, 13-14y)",Mango Kids,29.99,bottom,https://on.ltk.com/+WBY-oxOz_8MNF8vQwLbvcA
mango-kids-apparel,Little Jetter 2 — Mango Kids Apparel,"Oversized hoodie (sky blue, 5-6y)",Mango Kids,39.99,outerwear,https://on.ltk.com/+l_pWc7Yico38WjlKiK6UQw
mango-kids-apparel,Little Jetter 2 — Mango Kids Apparel,"100% leather trainers (burgundy, size 4)",Mango Kids,69.99,shoe,https://on.ltk.com/+TXM3_ru6E0bycCSVdlL0FA
mango-kids-apparel,Little Jetter 2 — Mango Kids Apparel,"Stars cotton T-shirt (off white, 13-14y)",Mango Kids,29.99,top,https://on.ltk.com/+qqbZH73b6hCs0t4SsrD57w
mango-kids-apparel,Little Jetter 2 — Mango Kids Apparel,"Short denim pinafore (medium blue, 13-14y)",Mango Kids,39.99,dress,https://on.ltk.com/+3zZWTQ8e2azas3VooJa0oQ
mango-kids-apparel,Little Jetter 2 — Mango Kids Apparel,"Printed wide-leg jeans (dark blue, 13-14y)",Mango Kids,49.99,bottom,https://on.ltk.com/+BUdihXmlJAVV04SDbxrgYg
mango-kids-apparel,Little Jetter 2 — Mango Kids Apparel,"Striped knitted gilet (sky blue, 9-10y)",Mango Kids,45.99,outerwear,https://on.ltk.com/+FEmc9uFr2icg3bsTvl5xcg
abercrombie-kids-misc,Little Jetter — Abercrombie Kids & Misc,Shorts (White/Cream),Abercrombie Kids,18.55,bottom,https://on.ltk.com/+2DD9yzBnDo8xrE6vUCh5wQ
abercrombie-kids-misc,Little Jetter — Abercrombie Kids & Misc,T-shirt (Multi),Abercrombie Kids,5.83,top,https://on.ltk.com/+pmdxzumsyBlSQYeihszkOw
abercrombie-kids-misc,Little Jetter — Abercrombie Kids & Misc,Blouse (Pink),Abercrombie Kids,16.44,top,https://on.ltk.com/+GiDAADC7gfBEegJ1B_TLlg
abercrombie-kids-misc,Little Jetter — Abercrombie Kids & Misc,Shorts (Black/White),Abercrombie Kids,12.24,bottom,https://on.ltk.com/+wg80SlMmT87q-zs2FR5Z_A
abercrombie-kids-misc,Little Jetter — Abercrombie Kids & Misc,Top (Navy/Multi),Abercrombie Kids,9.1,top,https://on.ltk.com/+UBe_gYDm4pgq8y0nhRk9MQ
abercrombie-kids-misc,Little Jetter — Abercrombie Kids & Misc,Blouse (White/Cream),Abercrombie Kids,10.15,top,https://on.ltk.com/+73F7nSNZ3xxP-JSuaZdsJw
abercrombie-kids-misc,Little Jetter — Abercrombie Kids & Misc,Hoodie (Cream/White),Abercrombie Kids,9.1,outerwear,https://on.ltk.com/+z3WrFZ4ZtSWEqPt4WM4_Ig
abercrombie-kids-misc,Little Jetter — Abercrombie Kids & Misc,Shirt (Green/Brown),Abercrombie Kids,16.45,top,https://on.ltk.com/+NTPEx472rAhykrNX2OCBKQ
abercrombie-kids-misc,Little Jetter — Abercrombie Kids & Misc,Shirt (Blue),Abercrombie Kids,11.07,top,https://on.ltk.com/+yfVxWjao5yYjLJdqpvEBRw
abercrombie-kids-misc,Little Jetter — Abercrombie Kids & Misc,Shirt (White),Abercrombie Kids,12.25,top,https://on.ltk.com/+tqU4YJ6D8JpWKF-4L7ZWPw
abercrombie-kids-misc,Little Jetter — Abercrombie Kids & Misc,Shirt (White/Grey),Abercrombie Kids,17.5,top,https://on.ltk.com/+U9JKQ3xmG5lWuPUZw8nKJA
abercrombie-kids-misc,Little Jetter — Abercrombie Kids & Misc,Shirt (Black),Abercrombie Kids,10.14,top,https://on.ltk.com/+ACDCgG75MKZJffaOMMavgA
abercrombie-kids-misc,Little Jetter — Abercrombie Kids & Misc,Shirt (Grey),Abercrombie Kids,11.2,top,https://on.ltk.com/+IMRF4z5Y8oRCvFpBhA4_IA
abercrombie-kids-misc,Little Jetter — Abercrombie Kids & Misc,Shirt (Blue/Navy),Abercrombie Kids,16.45,top,https://on.ltk.com/+ty_7ZkXPOhb69q_qFRHaow
abercrombie-kids-misc,Little Jetter — Abercrombie Kids & Misc,Sweatshirt (Black),Abercrombie Kids,13.46,outerwear,https://on.ltk.com/+VL8kduBtKpH0ZoYPkzBgtA
abercrombie-kids-misc,Little Jetter — Abercrombie Kids & Misc,Shirt (Blue/White),Abercrombie Kids,20.65,top,https://on.ltk.com/+gFyGhw93r9VlcJo6PjphhQ
abercrombie-kids-misc,Little Jetter — Abercrombie Kids & Misc,"Neoknit Crew (Size 9/10, Skyway)",Abercrombie Kids,34.97,top,https://on.ltk.com/+lkTeeieh685-iurdIYmX5A
abercrombie-kids-misc,Little Jetter — Abercrombie Kids & Misc,"Baggy Chino Pants (13/14, Taupe)",Abercrombie Kids,66.0,bottom,https://on.ltk.com/+Ax6coZ896rH4tlFYXoN1Bw
abercrombie-kids-misc,Little Jetter — Abercrombie Kids & Misc,"Championship Tee (Size 9/10, Navy)",Abercrombie Kids,14.99,top,https://on.ltk.com/+hOcb754yWqXuE3fvkMl7ag
abercrombie-kids-misc,Little Jetter — Abercrombie Kids & Misc,Long-Sleeve Denim Patch Shirt (Blue Chambray),Abercrombie Kids,40.5,top,https://on.ltk.com/+LvOn-SHkpLCJs3kgWK4qQQ
abercrombie-kids-misc,Little Jetter — Abercrombie Kids & Misc,Smocked Denim Dress (Light Pastel Blue),Abercrombie Kids,45.0,dress,https://on.ltk.com/+aSUIcSR8bVeCcs3XN4m9HA
abercrombie-kids-misc,Little Jetter — Abercrombie Kids & Misc,"Linen Shorts (Bright White, 11-12)",Abercrombie Kids,36.0,bottom,https://on.ltk.com/+PmMFEA45OkBS0IN1mqU4zw
abercrombie-kids-misc,Little Jetter — Abercrombie Kids & Misc,Lace-Trim Button-Front Top (White),Abercrombie Kids,22.5,top,https://on.ltk.com/+vUfQDA2oIOCpMZfNnZv17Q
abercrombie-kids-misc,Little Jetter — Abercrombie Kids & Misc,Boxy Woven Shirt (Jet Stream),Abercrombie Kids,42.0,top,https://on.ltk.com/+cd4blwI_aMSu1OLYx8hpDA
abercrombie-kids-misc,Little Jetter — Abercrombie Kids & Misc,Essential Long-Sleeve Icon Crew Tee,Various,17.95,top,https://on.ltk.com/+5LxrDwy2jgBQ5BEBZwh9Ig
abercrombie-kids-misc,Little Jetter — Abercrombie Kids & Misc,Denim Smocked Tank,Various,34.95,top,https://on.ltk.com/+jTHrAcJCV8TRhnjUIaUOhw
abercrombie-kids-misc,Little Jetter — Abercrombie Kids & Misc,High Rise Ultra Wide Leg Jeans,Various,49.95,bottom,https://on.ltk.com/+3weCTQbhe7jIlZUUO2PWmA
abercrombie-kids-misc,Little Jetter — Abercrombie Kids & Misc,Flower Graphic Crew Sweater,Various,39.95,outerwear,https://on.ltk.com/+NTdIbn9K0nSADgF3K-gE2w
abercrombie-kids-misc,Little Jetter — Abercrombie Kids & Misc,Imagery Logo Popover Hoodie,Various,44.95,outerwear,https://on.ltk.com/+VosJILtM_efM0a_U4ZJkgA
abercrombie-kids-misc,Little Jetter — Abercrombie Kids & Misc,Performance Golf Short,Various,39.95,bottom,https://on.ltk.com/+OAAv4hLGeWCLSQF5pY8DiQ
abercrombie-kids-misc,Little Jetter — Abercrombie Kids & Misc,Triangle Two-Piece Swimsuit,Various,39.95,swim,https://on.ltk.com/+4rv7tK8I9o9s-trYRUCIyQ
abercrombie-kids-misc,Little Jetter — Abercrombie Kids & Misc,Essential Icon Hoodie and Jogger Set,Various,74.95,outerwear,https://on.ltk.com/+cmHjOaUGgVHiFraLZgTExA
abercrombie-kids-misc,Little Jetter — Abercrombie Kids & Misc,Toddler NFL Graphic Tee,Various,39.95,top,https://on.ltk.com/+hJL7tJvm3N7YHirwr8lNRQ
abercrombie-kids-misc,Little Jetter — Abercrombie Kids & Misc,Toddler Lace-Trim Tee,Various,17.95,top,https://on.ltk.com/+R2--8BRGwjScCWIlN_JVYw
abercrombie-kids-misc,Little Jetter — Abercrombie Kids & Misc,Kids NFL Graphic Popover Hoodie,Various,34.96,outerwear,https://on.ltk.com/+vcLmWZBA3rPgFfi8nahKGA
abercrombie-kids-misc,Little Jetter — Abercrombie Kids & Misc,Scoopneck Pointelle Henley,Various,22.95,top,https://on.ltk.com/+CJ7JCVqj8aGV6jnrDxbAOw
tokyo-travel-toys,Little Jetter — Tokyo Travel Toys & Gear,NeeDoh Nice Cube (Random Color),NeeDoh,28.5,toy,https://on.ltk.com/+AfTom_aW5iwwLFabG15O1Q
tokyo-travel-toys,Little Jetter — Tokyo Travel Toys & Gear,NeeDoh Trending Nice Cube Stress Relief,NeeDoh,36.02,toy,https://on.ltk.com/+qIDuo9n7xLYMwc0cm3ZpPg
tokyo-travel-toys,Little Jetter — Tokyo Travel Toys & Gear,NeeDoh Swirl Nice Cube,NeeDoh,12.99,toy,https://on.ltk.com/+jIjLM-M-JeTIgktC6ynLSw
tokyo-travel-toys,Little Jetter — Tokyo Travel Toys & Gear,NeeDoh Fuzz Ball (Random Color),NeeDoh,35.0,toy,https://on.ltk.com/+Vq1BOK99v7BFio6MoNFZCQ
tokyo-travel-toys,Little Jetter — Tokyo Travel Toys & Gear,Schylling NeeDoh Nice Ice Baby Mini Cube,Schylling,12.95,toy,https://on.ltk.com/+0L0njUVsXnRfU1DRupenuQ
tokyo-travel-toys,Little Jetter — Tokyo Travel Toys & Gear,NeeDoh Groovy Glob Squeeze Toy,NeeDoh,26.21,toy,https://on.ltk.com/+NAoSSOEJp6W58ehP0NKIrg
tokyo-travel-toys,Little Jetter — Tokyo Travel Toys & Gear,NeeDoh Teenie Swirl 4-Pack,NeeDoh,48.99,toy,https://on.ltk.com/+KY0eiuCknn9yGeykXMSXQg
tokyo-travel-toys,Little Jetter — Tokyo Travel Toys & Gear,NeeDoh Swirl Nice Cube (variant),NeeDoh,27.99,toy,https://on.ltk.com/+Wy8LPtRyyi0pRZl9v3Q4nA
tokyo-travel-toys,Little Jetter — Tokyo Travel Toys & Gear,NeeDoh Teenie Fuzz Balls 4-Pack,NeeDoh,38.5,toy,https://on.ltk.com/+zYLj6hblre4jhY4cXTnjJQ
tokyo-travel-toys,Little Jetter — Tokyo Travel Toys & Gear,NeeDoh Good Vibes Only Squishy,NeeDoh,49.0,toy,https://on.ltk.com/+mZ6g66wiBuqVcr7kGu8WDQ
tokyo-travel-toys,Little Jetter — Tokyo Travel Toys & Gear,NeeDoh Groovy Glob Dream Drop,NeeDoh,60.0,toy,https://on.ltk.com/+-08XUe4nSG2Goy_ZKxpCMw
tokyo-travel-toys,Little Jetter — Tokyo Travel Toys & Gear,NeeDoh Color Change Fidget Ball,NeeDoh,26.99,toy,https://on.ltk.com/+7YpCoBxI2SuS4MJ8yBQGfA
tokyo-travel-toys,Little Jetter — Tokyo Travel Toys & Gear,Hot Shot Teenie Stress Ball Fidget,Hot Shot,49.99,toy,https://on.ltk.com/+Y37S9SHMHRX1d9AUgWUjgw
tokyo-travel-toys,Little Jetter — Tokyo Travel Toys & Gear,NeeDoh Funky Frights Countdown,NeeDoh,19.99,toy,https://on.ltk.com/+cG9-01cudMVY0CrRzkMdUQ
tokyo-travel-toys,Little Jetter — Tokyo Travel Toys & Gear,BARK Bone Voyage Luggage Squeaky Dog Toy,BARK,11.99,toy,https://on.ltk.com/+STC9IY-722vMODARu13icw
tokyo-travel-toys,Little Jetter — Tokyo Travel Toys & Gear,20-Inch Carry On Luggage Set (3-piece),Unbranded,159.99,luggage,https://on.ltk.com/+N649pNklCaVL5ajMS8Py6g
tokyo-travel-toys,Little Jetter — Tokyo Travel Toys & Gear,Joyfy Dinosaur Toy Transport Set,Joyfy,58.32,toy,https://on.ltk.com/+62DvXUdfrLO7F6accMwrSw
tokyo-travel-toys,Little Jetter — Tokyo Travel Toys & Gear,Dinosaur Travel Toys 4-Pack,Unbranded,7.99,toy,https://on.ltk.com/+yOUTulfrOTWujG5UILUDnA
tokyo-travel-toys,Little Jetter — Tokyo Travel Toys & Gear,BRIO World Travel Battery Train,BRIO World,32.01,toy,https://on.ltk.com/+uwG3AKNCrMs5804BHpezCA
tokyo-travel-toys,Little Jetter — Tokyo Travel Toys & Gear,World Tech Toys Doctor Mobile Suitcase,World Tech Toys,24.99,toy,https://on.ltk.com/+kb-OBOiKbwXXWnwtHapvPQ
tokyo-travel-toys,Little Jetter — Tokyo Travel Toys & Gear,MENZOKE Kids Travel Tray,MENZOKE,22.98,toy,https://on.ltk.com/+xrrWAINz_D_ZZnAuA39dJA
tokyo-travel-toys,Little Jetter — Tokyo Travel Toys & Gear,BENOKER Mini Magnetic Tiles,BENOKER,33.77,toy,https://on.ltk.com/+xCuDOT90UWb0QYrBx8SEhA
tokyo-travel-toys,Little Jetter — Tokyo Travel Toys & Gear,Chuckle & Roar Games On the Go Tin,Chuckle & Roar,14.99,toy,https://on.ltk.com/+5j_LsWKLmuSmqXWtvKBIoA
tokyo-travel-toys,Little Jetter — Tokyo Travel Toys & Gear,Hasbro Magnetic Game Travel Set,Hasbro,24.99,toy,https://on.ltk.com/+plVrVI3mmNYC0Fl5GU35tQ
tokyo-travel-toys,Little Jetter — Tokyo Travel Toys & Gear,Melissa & Doug Pet Travel Set,Melissa & Doug,25.49,toy,https://on.ltk.com/+CME2cfxI8hmBz7rsny_Yfg
tokyo-travel-toys,Little Jetter — Tokyo Travel Toys & Gear,Chiisong Portable Travel Game Set,Chiisong,15.99,toy,https://on.ltk.com/+XlG-WePmzB71QkrkapPN7g
tokyo-travel-toys,Little Jetter — Tokyo Travel Toys & Gear,Melissa & Doug Mine To Love Travel Set,Melissa & Doug,39.99,toy,https://on.ltk.com/+IqcDIFcVCmKzJxpjJWx8qA
tokyo-travel-toys,Little Jetter — Tokyo Travel Toys & Gear,The New York Doll Collection Travel Accessories Set,The New York Doll Collection,22.99,toy,https://on.ltk.com/+wOtDVQ3M4w0uFLDtAHMQOQ
tokyo-travel-toys,Little Jetter — Tokyo Travel Toys & Gear,KAEILORU Magnetic Blocks Travel Toys,KAEILORU,9.99,toy,https://on.ltk.com/+w8pP--SfZvl50tDDCoj9OA
tokyo-travel-toys,Little Jetter — Tokyo Travel Toys & Gear,Mini Magnetic Tiles Set,Unbranded,24.99,toy,https://on.ltk.com/+CiKD9cP0WEUCr1-XwWtvQQ
tokyo-travel-toys,Little Jetter — Tokyo Travel Toys & Gear,PILLANI Kids Travel Tray,PILLANI,28.95,toy,https://on.ltk.com/+-iDJZ6TrQpZoJMwqRlkUzQ
tokyo-travel-toys,Little Jetter — Tokyo Travel Toys & Gear,Magnetic Tiles Travel Toys,Unbranded,18.97,toy,https://on.ltk.com/+2cO_jcOO8eeS0hmqQcZhvw
tokyo-travel-toys,Little Jetter — Tokyo Travel Toys & Gear,Feel Good Waves Snap & Tape Play Kit,Feel Good Waves,19.99,toy,https://on.ltk.com/+Nzoc4C6SyXbReWUk3wsYAw
tokyo-travel-toys,Little Jetter — Tokyo Travel Toys & Gear,TRAVOFUN Magnetic Fishing Game,TRAVOFUN,14.99,toy,https://on.ltk.com/+FCxXyey7_MnzX66C5iLw6w
tokyo-travel-toys,Little Jetter — Tokyo Travel Toys & Gear,Portable Busy Travel Toy,Unbranded,46.9,toy,https://on.ltk.com/+xEAVjzA34-dqXrh3Jjc-gg
tokyo-travel-toys,Little Jetter — Tokyo Travel Toys & Gear,V-Line Kids Tokyo Vintage Graphic T-Shirt,V-Line Kids,18.95,top,https://on.ltk.com/+a5WiLbfrUPYvpUNGmoE3og
